,名称,分類,タイプ,範囲,射程,反撃,対空,空中,攻撃判定,移動修正,ＭＰ,備考,有効射程,最大射程,ダメージ増減,装甲無効,防御,回復
,ピストル（拳銃）,携帯射撃武器（白兵戦可能武器,直射撃,非貫通,45㎝／90㎝,〇,×,○,3,0,5,白兵戦武器としても使用可能です。,45,90,,×,,
,大口径ハンドガン,携帯射撃武器（白兵戦可能武器）,直射撃,非貫通,45cm／90cm,〇,×,○,2,0,15,ダメージ＋２。白兵戦武器としても使用可能です。なお［貧弱］なドールさんが使用すると、強烈な反動によって射撃後に転倒してしまいます。転倒から立ち上がるには１行動フェイズを擁します,45,90,2,×,,
,弓／ボウガン,携帯射撃武器,直射撃,非貫通,60㎝／120㎝,○,○,○,3,0,5,-,60,120,,×,,
,サブマシンガン,携帯射撃武器（白兵戦可能武器）,直射撃／散布射撃,貫通,60㎝／120㎝,○,○,○,3,0,10,白兵戦武器としても使用可能です。なお散布射撃時の攻撃判定は２になります。,60,120,,×,,
,小銃,携帯射撃武器,直射撃,非貫通,90㎝／180㎝,○,×,○,3,0,5,-,90,180,,×,,
,アサルトライフル／突撃銃,携帯射撃武器,直射撃／散布射撃,貫通,75㎝／150㎝,○,○,○,3,0,10,散布射撃時の攻撃判定は２になります。,75,150,,×,,
,スナイパーライフル／狙撃銃,携帯射撃武器,直射撃,非貫通,180㎝／270㎝,×,×,×,3,0,15,移動した直後に射撃を行う場合、攻撃判定に－１のペナルティを受けます。,180,270,,×,,
,対戦車ライフル,携帯射撃武器,直射撃,貫通,120㎝／240㎝,×,○,×,3,-2,20,ダメージ＋１。なお白兵戦武器を銃剣状に取り付ける場合、ワンセット武器としてＭＰ10が加算されますが、白兵戦武器の射程を30cm／30cmとすることができます（元々射程が30cmの白兵戦武器には影響しません）,120,240,1,×,,
,ショットガン（白兵戦可能武器）,携帯射撃武器,散布射撃,貫通,30㎝／45㎝,○,○,×,3,0,10,白兵戦武器として使用する場合も散布射撃が可能です。,30,45,,×,,
,軽機関銃,携帯射撃武器,直射撃／散布射撃,貫通,90㎝／180㎝,○,○,×,3,-1,15,散布射撃時の攻撃判定は２になります。,90,180,,×,,
,重機関銃,固定型射撃武器,直射撃／散布射撃,貫通,120㎝／240㎝,×,○,×,4,×,25,散布射撃時の攻撃判定は３になります。,120,240,,×,,
,グレネードランチャー,携帯射撃武器,曲射撃,非貫通,90㎝／90㎝,×,×,×,2,0,10,目標となるドールを中心として半径15㎝以内にいる３体までの敵ドール（目標ドールを含む）に、攻撃判定２の爆風攻撃を行います。ただし爆発の中心から見て半遮蔽状態にある敵ドールに対しては、ダメージが－１されます（０にはなりません）。判定は各目標ごとに行います。,90,90,,×,,
,ＡＴグレネードランチャー,固定型射撃武器,曲射撃,非貫通,120cm／120cm,×,×,×,3,×,25,目標となるドールを中心として半径30㎝以内にいる３体までの敵ドール（目標ドールを含む）に、攻撃判定３の爆風攻撃を行います。ただし爆発の中心から見て半遮蔽状態にある敵ドールに対しては、ダメージが－１されます（０にはなりません）。判定は各目標ごとに行います。,120,120,,×,,
,迫撃砲,固定型射撃武器,曲射撃,非貫通,180㎝／180㎝,×,×,×,2,×,25,目標となるドールを中心として半径15㎝以内にいる３体までの敵ドール（目標ドールを含む）に、攻撃判定２の爆風攻撃を行います。ただし爆発の中心から見て半遮蔽状態にある敵ドールに対しては、ダメージが－１されます（０にはなりません）。判定は各目標ごとに行います。,180,180,,×,,
,無反動砲／バズーカ／対戦車榴弾,携帯射撃武器,直射撃,非貫通,90㎝／180㎝,×,×,×,3,-1,15,ダメージ＋１。攻撃が命中した場合、目標ドールの半径15㎝以内にいる他の２体までの敵ドールにも、攻撃判定２の爆風攻撃を行います。ただし爆発の中心から見て半遮蔽状態にある敵ドールに対しては、ダメージが－１されます（０にはなりません）。判定は各目標ごとに行います。,90,180,1,×,,
,フレーム・ランチャー（火炎放射器）,エネルギー射撃兵器,散布射撃,貫通,90㎝／90㎝,×,×,○,3,-1,15,ダメージ＋１,90,90,1,○,,
,ブラスター／光線銃,エネルギー携帯射撃武器（白兵戦可能武器）,直射撃,貫通,60㎝／120㎝,○,×,○,3,0,20,ダメージ＋１。白兵戦武器としても使用可能です。ただしエネルギーは４発分しかもちません。,60,120,1,○,,
,ビームライフル,エネルギー射撃兵器,直射撃,貫通,90㎝／180㎝,○,×,○,3,-1,20,ダメージ＋１。ただしエネルギーは４発分しかもちません。,90,180,1,○,,
,高出力荷電粒子砲,エネルギー射撃兵器,直射撃,貫通,135㎝／270㎝,×,×,×,2,-2,30,ダメージ＋３。射撃するたびにエネルギー充電が必要です。事前に１行動フェイズを使って「充電」を行わない限り、射撃できません。,135,270,3,○,,
,オールレンジ攻撃兵器,特殊射撃武器,曲射撃,非貫通,180㎝／180㎝,×,○,○,5,-1,20,［ニュータイプ］属性を持つドールさんしか使用できません。また射撃時に自分のＨＰを１減らすことで、１回使用することができます。なおオールレンジ攻撃の目標となったドールさんは、対空射撃が可能な武器を所持していれば、この兵器を迎撃することができます。有効射程での対空射撃を行い、命中すればこの兵器から受けるダメージを無効にできます。,180,180,,×,,
,ミサイル（１発）,特殊射撃武器,曲射撃,非貫通,180㎝／180㎝,×,○,×,4,-1,10,目標となったドールさんは、対空射撃が可能な武器を所持していれば、ミサイルを迎撃することができます。有効射程での対空射撃を行い、命中すればミサイルから受けるダメージを無効にできます。,180,180,,×,,
,ミサイルポッド,特殊射撃武器,曲射撃,非貫通,150㎝／150㎝,×,○,×,3,-1,20,目標となったドールさんは、対空射撃が可能な武器を所持していれば、ミサイルを迎撃することができます。有効射程での対空射撃を行い、命中すればミサイルから受けるダメージを無効にできます。,150,150,,×,,
,クラスター爆弾（１発）,特殊射撃武器,曲射撃,非貫通,90cm/90cm,×,×,"○
（空中からの投下のみ）",2,-1,30,目標となったドールさんを中心に、半径60cm以内にいる味方を含むすべてのドールさんに攻撃判定２の爆風攻撃を行います。判定はサイコロを１回だけ振り、その結果をすべてのドールさんに対して適用します。クラスター（集束）爆弾に内蔵された多数の小型爆弾（子弾）が上空で散開、広範囲に被害を与えるため、爆発の中心から見て半遮蔽状態および完全遮蔽状態にあるドールさんに対しても同様にダメージを与えることができます。さらに、判定に失敗した場合は今度は子弾が不発弾と化し、目標を中心に半径60cm以内を地雷原化。以後この範囲内で移動を行ったドールさんに、攻撃判定２の爆風攻撃（ダメージ軽減効果無効）を与えます。なお不発弾の数があまりにも多いため、［掃除］または［工兵］による除去を行うまで、その範囲内は地雷原となります。不発弾は友軍の進撃の妨げとなったり、非戦闘員にも被害を与える危険性があり、その処理がクラスター爆弾を使用する際の課題となっています。,90,90,,×,,
,毒ガス散布器,特殊射撃武器,散布射撃,特殊,90㎝／90㎝,×,×,○,特殊,-1,20,射程内の任意のポイントから半径30㎝以内の空間に毒ガスを散布します（機械すら腐食させる強力なものです）。以後この範囲内に入ったすべてのドールさんは、１ダメージを受けます。毒ガスの効果は２ターン持続します。,90,90,,×,,
,投げナイフ／手裏剣（３本）,投擲武器（白兵戦可能武器）,直射撃,非貫通,45㎝／60㎝,○,×,○,4,0,5,ダメージ－２（０にはなりません）,45,60,-2,×,,
,手榴弾（３個）,投擲武器,曲射撃,非貫通,45㎝／45㎝,×,×,○,3,0,5,目標となるドールさんを中心として半径15㎝以内にいる３体までの敵ドール（目標ドールを含む）に、攻撃判定３の爆風攻撃を行います。ただし爆発の中心から見て半遮蔽状態にある敵ドールに対しては、ダメージが－１されます（０にはなりません）。判定は各目標ごとに行います。,45,45,,×,,
,発煙筒（１個）,投擲武器,曲射撃,非貫通,45㎝／45㎝,×,×,○,なし,0,5,射程距離内の任意のポイントに投擲し、そこを中心に半径30㎝以内に１ターンの間、煙幕を発生させることができます。煙幕は半遮蔽物として扱います。,45,45,,×,,
,短刀／ナイフ,軽白兵戦武器（投擲可能武器）,白兵戦,白兵戦,15㎝／15㎝,－,－,－,4,0,5,ダメージ－２（０にはなりません）。投擲が可能です。,15,15,-2,×,,
,鎧通し／徹甲ナイフ,軽白兵戦武器（投擲可能武器）,白兵戦,白兵戦,15㎝／15㎝,－,－,－,4,0,15,ダメージ－２（０にはなりません）。［機械］属性や「盾／鎧」等によるダメージ軽減効果を無効化します。投擲が可能です。,15,15,-2,○,,
,刀／剣,通常白兵戦武器,白兵戦,白兵戦,15㎝／15㎝,－,－,－,4,0,10,ダメージ－１（０にはなりません）,15,15,-1,×,,
,ビームサーベル,エネルギー白兵戦武器,白兵戦,白兵戦,15㎝／15㎝,－,－,－,4,0,20,高エネルギーにより、装甲を斬り裂きます。［機械］属性や「盾／鎧」等によるダメージ軽減効果を無効化します。ただしエネルギーは２ターンしかもちません。,15,15,,○,,
,妖刀／魔剣,通常白兵戦武器,白兵戦,白兵戦,15㎝／15㎝,－,－,－,4,0,15,「神に逢うては神を斬り、魔物に逢うては魔物を斬る」と名高い妖かしの刀です。通常の相手に対してはダメージが－１されます（０にはなりません）が、［妖精］［神族］［魔族］［不死］の属性を持つ相手に対しては－１されずに、そのままダメージを与えます。さらに「妖刀／魔剣」で受けたダメージは、［自己再生］では回復できません。,15,15,,特殊,,
,斧／ハンマー,重白兵戦武器,白兵戦,白兵戦,15㎝／15㎝,－,－,－,2,0,10,ダメージ＋２。また［機械］属性や「盾／鎧」等によるダメージ軽減効果を無効化します。,15,15,2,○,,
,パイルバンカー,重白兵戦武器,白兵戦,白兵戦,15cm/15cm,－,－,－,2,0,15,ダメージ＋４。また［機械］属性や「盾／鎧」等によるダメージ軽減効果を無効化します。なおパイルバンカーは１回しか使うことができません。,15,15,4,○,,
,槍／ポールウェポン,大型白兵戦武器,白兵戦,白兵戦,30㎝／30㎝,－,－,－,4,-1,15,ダメージ－１（０にはなりません）。30㎝の距離から白兵戦を仕掛けることができます。その際、相手が素手、白兵戦不可の武器、または射程の短い白兵戦武器（刀など）しか持っていなかった場合、相手のアウトレンジから一方的に攻撃することができます。,30,30,-1,×,,
,ビームランス／ビーム式ポールウェポン,エネルギー大型白兵戦武器,白兵戦,白兵戦,30㎝／30㎝,－,－,－,4,-1,40,［機械］属性や「盾／鎧」等によるダメージ軽減効果を無効化します。ただしエネルギーは２ターンしかもちません。エネルギーが切れた後は普通のポールウェポン扱いとなります（ダメージ－１。０にはなりません）,30,30,,○,,
,鞭,特殊白兵戦武器,白兵戦,白兵戦,30㎝／30㎝,－,－,－,3,0,15,ダメージ－１（０にはなりません）。30cmの距離から白兵戦を仕掛けることができます。また相手に絡みつかせる攻撃（攻撃判定２）を行うこともでき、命中した場合、ダメージを与えた上で鞭が相手に絡みつきます。絡みついている間、相手はすべての判定に－２のペナルティを負い、ＺＯＣを失い、一切の移動ができなくなります。使用者は次ターン以降も鞭を絡ませ続け、絞めつけてダメージを与えることができますが、ふたたび判定（攻撃判定３で行えます）を行い、失敗すると鞭は解けてしまいます。使用者の意思で解くのは自由にできます。鞭を絡みつかせる攻撃を同時に２人以上の相手にかけることはできません。,30,30,-1,×,,
,スタンガン,特殊白兵戦武器,白兵戦,白兵戦,15㎝／15㎝,－,－,－,2,0,10,攻撃が命中した場合、相手は反撃を行えず、さらに次の相手側白兵行動フェイズ終了時まで行動不能になります。,15,15,,×,,
,爆弾（１個）,設置兵器,特殊,特殊,15㎝／15㎝,－,－,×,特殊,0,5,"まず行動フェイズで射程内の任意のポイントに爆弾を設置します。そして次以降の行動フェイズに「起爆スイッチを入れる（遠隔操作可能）」ことで、そのポイントを中心に半径60㎝以内にいる３体までのドールさんに、攻撃判定３の爆風攻撃を行うことができます。ただし爆発の中心から見て半遮蔽状態にあるドールさんに対しては、ダメージが－１されます（０にはなりません）。判定は各目標ごとに行います。
　爆弾は１度爆発すれば無くなります。",15,15,,×,,
,対人地雷（１個）,設置兵器,特殊,特殊,15㎝／15㎝,－,－,×,特殊,0,5,"まず行動フェイズで射程内の任意のポイントに対人地雷を設置します。そして次以降の行動フェイズに「起動スイッチを入れる（遠隔操作可能）」ことで、設置位置から半径30㎝以内がキルゾーンとなり、この範囲内で移動を終了した、または入っていた３体までのドールさんに、攻撃判定２の爆風攻撃（ダメージ軽減効果無効）を与えます。判定は移動フェイズ終了時に、それを仕掛けたドールさんが各目標ごとに行います。［掃除］または［工兵］による除去を行おうとするドールさんがいる場合は、先に除去判定を行ってから対人地雷の攻撃判定を行います。
　ダメージを受けたドールさんは、次ターンは移動ができません。対人地雷は１度爆発すれば無くなります。",15,15,,×,,
,有刺鉄線（90㎝）,設置兵器,特殊,特殊,15㎝／15㎝,－,－,×,なし,-1,5,射程内の任意の場所に、１行動フェイズにつき幅30㎝まで有刺鉄線を設置できます。有刺鉄線は以後、移動障害物となり、これを通過するには移動力が２必要となります。移動力が１しかないドールさんが有刺鉄線を越える場合、２ターンかかります。,15,15,,×,,
,輪ゴム,ギャグ系携帯射撃武器（白兵戦可能武器）,直射撃,非貫通,30㎝／45㎝,○,×,○,4,0,5,判定に成功してもＨＰにダメージは与えられません。ただし目標はサイコロを振り、「現在のＨＰ－攻撃判定で出た目」以下の目を出さないと必ず泣きます（［冷血］［狂気］すら無効化します）。なお攻撃判定の際に６の目を出すと、輪ゴムが自分の顔に命中し、ただちに自分が泣きます。うう…,30,45,,×,,
,スナイパー輪ゴム,ギャグ系携帯射撃武器（白兵戦可能武器）,直射撃,非貫通,45㎝／60㎝,○,○,○,4,0,10,30㎝定規に輪ゴムを引っかけた、スナイパー用の輪ゴムです。,45,60,,×,,
,極太ゴムバンド,ギャグ系白兵戦武器,白兵戦,白兵戦,30cm/30cm,－,－,－,3,0,5,この武器を使用する場合、まず相手に頼んでゴムの一端を口にくわえてもらいます。相手が応じなかった場合はこの攻撃は成立しません。ただし相手が［まぬけ］だった場合は必ず応じなくてはなりません。その後に攻撃判定を行います。命中した場合、相手は出目に関わらず１ダメージを受けた上で、必ず泣き出します（［冷血］［狂気］すら無効化します）。外した場合、相手のほうが先に口を放したためにゴムが自分の顔を直撃、１ダメージを受けた上で、必ず泣き出します（［冷血］［狂気］すら無効化します）。みぎゃー。,30,30,,×,,
,コショウ,ギャグ系投擲武器（白兵戦可能武器）,散布射撃,貫通,30㎝／30㎝,○,×,○,4,0,5,判定に成功してもＨＰにダメージは与えられません。ただし目標はサイコロを振り、「現在のＨＰ－攻撃判定で出た目」以下の目を出さないと、激しいくしゃみのために１ターンの間「行動不能」状態となります。なお攻撃判定の際に６の目を出すと、コショウを自分で被ってしまい、ただちに自分が１ターンの間「行動不能」状態となります。へーちょ。,30,30,,×,,
,バット,ギャグ系白兵戦武器,白兵戦,白兵戦,15㎝／15㎝,－,－,－,3,0,5,ダメージ－１（０にはなりません）。なお実弾攻撃（直射撃、散布射撃）、ミサイル、爆発前（自分が目標となった場合）の手榴弾や砲弾などに対してバットを振ることで、弾を打ち返せる場合があります。サイコロを振って１の目が出ると、なんと弾をジャストミートし、撃ったドールさんを直撃します。,15,15,-1,×,,
,フライパン,ギャグ系白兵戦武器／防御用装備／技能補助装備,白兵戦,白兵戦,15㎝／15㎝,－,－,－,4,0,10,武器としてはダメージ－３が付く三流品（０にはなりません）ですが、盾として使うと「フレーム・ランチャー」からのダメージを－１する上、「ビームライフル」および「高出力荷電粒子砲」による攻撃に対してフライパンを掲げることで、弾を跳ね返す場合があります。サイコロを振って１の目が出ると、なんとエネルギー弾がフライパンに当たって跳ね返り、撃ったドールさんを直撃します。もちろん「調理器具」としても使えます。,15,15,-3,×,,
,盾／鎧,防御用装備,特殊,なし,なし,－,－,－,なし,-1,15,自分が受けた攻撃のダメージを－１します。ただし、エネルギー兵器、爆風、毒ガス、［格闘技（関節技）］［格闘技（投げ技）］［計略］［魔法］による攻撃は防ぐことはできません。,,,,×,1,
,Ｉフィールド発生装置,防御用装備,特殊,なし,なし,－,－,－,なし,-1,15,自分が受けたエネルギー射撃兵器による攻撃のダメージを－２します。エネルギー射撃兵器以外による攻撃は防ぐことができません。,,,,×,2,
,防毒装備,防御用装備,特殊,なし,なし,－,－,－,なし,0,10,毒ガス、催涙ガス、コショウによるダメージを無効化します。,,,,×,1,
,医療器具,技能補助装備,特殊,なし,なし,－,－,－,なし,0,5,［医療］［蘇生］を行うために必要です。,,,,×,,
,加速装置,技能補助装備,特殊,なし,なし,－,－,－,なし,0,10,［加速］を行うために必要です。身体の中に内蔵するタイプのユニットです。,,,,×,,
,観測器具,技能補助装備,特殊,なし,なし,－,－,－,なし,0,5,［観測］を行うために必要です。,,,,×,,
,整備工具,技能補助装備,特殊,なし,なし,－,－,－,なし,0,5,［メンテナンス］［オーバーホール］を行うために必要です。,,,,×,,
,掃除用具,技能補助装備,特殊,なし,なし,－,－,－,なし,0,5,［掃除］を行うために必要です。,,,,×,,
,調理器具,技能補助装備,特殊,なし,なし,－,－,－,なし,0,5,［調理］を行うために必要です。,,,,×,,
,通信機,技能補助装備,特殊,なし,なし,－,－,－,なし,0,5,［通信］を行うために必要です。,,,,×,,
,電子戦兵器,技能補助装備,特殊,なし,なし,－,－,－,なし,0,5,［電子戦］を行うために必要です。,,,,×,,
,翼／サブフライトシステム,技能補助装備,特殊,なし,なし,－,－,－,なし,0,5,［飛行］するために必要です。,,,,×,,
,大型飛行システム,技能補助装備,特殊,なし,なし,－,－,－,なし,0,10,「空中：×」の武器（設置兵器は除く）を搭載しての［飛行］が可能です。ただし移動力修正はそのまま適用されるので、移動不可の武器を搭載した場合は真上に上昇するだけで、横には一切移動できません。,,,,×,,
,乗り物,移動補助装備,特殊,なし,なし,－,－,－,なし,移動力５,30,ドールさん１体を乗せたまま、移動力５で移動します。その際、ドールさんが装備している武器／装備品による移動力修正は受けますが、［強行］や［飛行］などの技能／特殊能力はドールさん本人の移動に関するものであるため、「乗り物」には影響しません。ただし「ブースター」で速度を上げることはできます。,,,,×,,
,大型乗り物,移動補助装備,特殊,なし,なし,－,－,－,なし,移動力５,40,ドールさん１体を運転手とし、他に３体までのドールさんを同乗させたまま、移動力５で移動します。その際、同乗しているすべてのドールさんが装備している武器／装備品による移動力修正を、合計して受けます。もしも移動力が０以下になってしまったら、移動できません。なお、ドールさん１体だけが乗っている場合、移動力修正が「移動不可」となっている武器を搭載して移動することができます。その際の武器の移動力修正は－３として扱います。,,,,×,,
,装甲,大型乗り物用防御装備,特殊,なし,なし,－,－,－,なし,-1,15,大型乗り物への攻撃のダメージを－１します。大型乗り物に同乗している全員に効果があります。ただし、［まぬけ］を持っているドールさんにはこの効果が及びません。またエネルギー兵器、［計略］［魔法］による攻撃は防ぐことができません。,,,,,,
,ブースター,移動補助装備,特殊,なし,なし,－,－,－,なし,2,30,背中に背負ったブースターを噴射させ、移動力を一時的に上げることができます（移動力＋２）。あまりにも速く移動するため、他のドールさんのＺＯＣを突き抜けてしまいます。また地面から少し浮いた状態で進むため、川などは飛び越えてしまうので、水による移動力の低下も起こしません。ただし、必ず最大移動力で直線的に移動しなければならず、もしも障害物などに当たって移動しきれなかった場合、その衝突によって残りの距離１につき１ダメージを負います。さらに、途中でブッシュなどを通った場合は、移動力低下は起こさないものの、代わりに本来減るはずだった移動力１につき１ダメージを負います。故意に他のドールさんに向かってブースターを使用しての体当たりを行う場合は、移動した後、行動フェイズに攻撃判定２で命中判定を行います（移動は目標ドールの位置で止まり、判定後ただちに白兵戦に入ります）。命中すれば、目標までの移動分を引いた残りの移動力１につき１ダメージを追加で与えることができます。ただし外すと地面に激突し、自分が衝突のダメージを負います。白兵戦状態ではブースターを使用することはできません。なお、ブースターの燃料は２回分しかありません。また、ブースターを使用している間は、お互いに攻撃が当てにくくなります。自分の攻撃および自分に対する攻撃の判定に対して、－１のペナルティが付きます。,,,,×,,
,スラスターユニット,移動補助装備,特殊,なし,なし,－,－,－,なし,0,10,"背中に背負ったランドセル状のスラスターユニットを噴射させ、ジャンプしながら移動することができます。ブッシュや登坂、渡河など地形・障害物による移動力の低下も影響しません。他のドールさんのＺＯＣも跳び越えてしまいます。また真上にいる「飛行」状態の相手に対し、跳び上がって白兵戦攻撃を行うことが可能です（ただし対空時間は１行動フェイズ）。なおスラスターユニットの燃料は４回分しかありません。白兵戦状態からスラスターユニットを使用して脱出することはできません。
",,,,×,,
,炸裂徹甲弾（１発）,射撃武器用装備,特殊,使用武器による,使用武器による,－,－,－,使用武器による,0,5,直射攻撃を行う銃器用の特殊な弾丸です（散布射撃には使用できません）。［機械］属性や「盾／鎧」等によるダメージ軽減効果を無効化します。なお「炸裂徹甲弾」は着弾後に破裂して内部器官を破壊するため、そのダメージは［自己再生］では回復できません。,,,,○,,
,銀の弾丸（１発）,射撃武器用装備,特殊,使用武器による,使用武器による,－,－,－,使用武器による,0,10,直射攻撃を行う銃器用の特殊な弾丸です（散布射撃には使用できません）。銀の魔力により、［魔族］［不死］の属性を持つ相手に対しては射撃攻撃の際、攻撃判定に＋１のボーナスが付きます。なお「銀の弾丸」で受けたダメージは、［自己再生］では回復できません。さらに［魔族］と［不死］の能力を使わせません。,,,,特殊,,
,カスタムパーツ,射撃武器用装備,特殊,使用武器による,使用武器による,－,－,－,使用武器による,0,5,"銃器の命中精度を上げるための改造パーツです。携帯射撃武器の有効射程を15cm伸ばすことができます。最大射程は伸びません。
　「カスタムパーツ」は以下の武器に取りつけることができます。「ピストル／拳銃」「サブマシンガン」「小銃」「アサルトライフル／突撃銃」「スナイパーライフル／狙撃銃」「対戦車ライフル」",15,,,×,,
,催涙弾（１発）,射撃武器用装備,特殊,使用武器による,使用武器による,－,－,－,使用武器による,0,10,グレネードランチャーおよびＡＴグレネードランチャー専用の特殊な弾丸です。射程内の任意のポイントから半径30㎝以内の空間に催涙ガスを散布します（ガスは視界を遮らないように、無色のものが使われています）。以後この範囲内に留まる間、ドールさんは判定に－１のペナルティを負って士気チェックを行わなければなりません（［冷血］［狂気］を無効化し、狂暴化は起こりません。白兵戦状態でも士気チェックが発生します）。催涙ガスの効果は１ターン持続します。,,,,×,,
,破魔矢（１本）,射撃武器用装備,特殊,使用武器による,使用武器による,－,－,－,使用武器による,0,10,「弓／ボウガン」用の特殊な矢です。聖なる力により、［魔族］［不死］の属性を持つ相手に対しては射撃攻撃の際、攻撃判定に＋１のボーナスが付きます。なお「破魔矢」で受けたダメージは、［自己再生］では回復できません。さらに［魔族］と［不死］の能力を使わせません。,,,,×,,
,しびれ毒矢（１本,射撃武器用装備,特殊,使用武器による,使用武器による,－,－,－,使用武器による,0,15,「弓／ボウガン」用の特殊な矢です。ダメージを与えた後、さらにしびれ毒で身体を麻痺させます（移動力－２、およびすべての判定に－２）。しびれ毒の効果は２ターンの間（命中ターン含む）持続しますが、［ヒーリング］［リカバリー］で解毒することもできます（ただし解毒だけで、ＨＰは回復しません）。なお「しびれ毒矢」で受けたダメージは、［自己再生］と食べ物系では回復できません。,,,,×,,
,エネルギーパック（１パック）,エネルギー兵器用装備,特殊,使用武器による,使用武器による,－,－,－,使用武器による,0,10,エネルギー射撃兵器およびエネルギー白兵戦武器用の追加バッテリーです。１パックで２発分、または使用時間が１ターン増えます。「ビームライフル」には２パック、「ビームサーベル」には１パック、「ビームランス」には２パックまで増設することができます。戦闘中にバッテリーの交換をする場合は、パックの数に関わらず、１行動かかります。,,,,×,,
,エネルギーケーブル（１本・基点１箇所）,エネルギー兵器用装備,特殊,使用武器による,使用武器による,－,－,－,使用武器による,0,25,"エネルギー射撃兵器およびエネルギー白兵戦武器用のケーブルです。消費エネルギーを外部から供給することで、エネルギー兵器の弾数制限を無効にしたり、充電時間を不用にすることができます。ただし、大出力のエネルギーが武器に供給され続けるため、常に暴発の危険を伴います。攻撃判定の際にサイコロで６の目を出すと、ただちに使用武器が爆発し、使用者は必ず３ダメージを被ります。また、ケーブルの長さは90cmであり、ケーブルを差した基点（ゲーム開始時に設定）から90cm以上移動することもできません。なお、［工兵］で１ターンをかけることで、任意の地点に新たな基点を設置することができます。ケーブルの抜き差しにはそれぞれ１行動かかります。１つの基点にはケーブルを３本まで繋げることができます。ケーブルだけのバラ売りも行っています（１本10ＭＰ）
　１つの基点に数本のケーブルを差して使用している場合、時折ブレーカーが落ちることがあります。１ターンの間に、同じ基点で使用した武器の攻撃判定時のサイコロの目の合計が12を超えた瞬間、ブレーカーが落ちてしまいます（その際の攻撃は失敗となります）。誰かが１行動かけてブレーカーを上げれば、再び電力が供給されます。",,,,×,,
,プロペラントタンク,ブースター、スラスターユニット用装備,特殊,なし,なし,－,－,－,なし,0,15,ブースターおよびスラスターユニット用の使用燃料が入った増設タンクです。ブースターで１回分、スラスターユニットで６回分の延長使用が可能となります。,,,,×,,
,炸薬カートリッジ（１発）,パイルバンカー用装備,特殊,使用武器による,使用武器による,－,－,－,使用武器による,0,15,炸薬カートリッジを交換することで、パイルバンカーの使用回数を１回増やすことができます。炸薬カートリッジの交換には１行動かかり、白兵戦中の交換はできません。なおパイルバンカーは単発であり、一度に２発以上装填することはできません。,,,,×,,
,ウルトラ収納器具,収納補助装備,特殊,なし,なし,－,－,－,なし,0,30,見た目は小さなポケットやベルトですが、中に武器／装備品をいくらでも入れて運ぶことができます。ただし、武器の制限数３を超えることはできません。なお、中に入れた武器／装備品はそれぞれ少しだけ軽くなります。移動力にマイナス修正が付いていた場合、１だけプラスに戻すことができます（移動力修正が０のものを＋１にすることはできません）。また、移動力修正が「移動不可」となっている武器を収納して運ぶことができます。収納している間、武器の移動力修正は－３になります。,,,,×,,
,眼鏡,技能補助装備,特殊,なし,なし,－,－,－,なし,0,5,［近眼］によるペナルティを無効化します。なお［まぬけ］を持っている場合、何かの判定で６の目を出すと、眼鏡を落としてしまいます。「メガネ、メガネ」と探してかけ直すのに１行動かかります。,,,,×,,
,おやつ＆ジュース（300円分）,回復用装備,特殊,なし,なし,－,－,－,なし,0,15,ＨＰを１回復することができます。おやつは300円以内ということで、１つしか持てません。なお、ＨＰが０以下のドールさんに誰かが１行動フェイズをかけておやつを食べさせて回復させてあげることはできますが、倒れているドールさんが自らおやつを食べることはできません。,,,,×,,1
,バナナ,回復用装備,特殊,なし,なし,－,－,－,なし,0,5,士気崩壊状態のドールさんはバナナを食べることで、泣き止むことができます。また、狂暴化状態にあるドールさんに誰かが１行動フェイズをかけてバナナを食べさせてあげることで、正気に戻らせることができます。ただしＨＰは回復しません。バナナはおやつには含まれないので、何本でも持っていけます。なお、食べ終わった後のバナナの皮は、ちょっとしたトラップになります。［まぬけ］を持つドールさんは、捨てられたバナナの皮から半径15㎝以内に入ったら、必ずバナナの皮を踏んで転びます。立ち上がるには１行動かかります。,,,,×,,1
,お酒,回復用装備,特殊,なし,なし,－,－,－,なし,0,20,飲むことでＳＰを１回復させることができます。ただしお酒を飲んだドールさんは行動フェイズ終了後にアルコールチェックを行わなければいけません。サイコロを振り、４～５の目が出たら酔い潰れて丸１ターンの間寝てしまいます。６が出た場合は酒乱により狂暴化します。なお20歳未満のドールさんはお酒を飲んでいるところをおまわりさんに見つかると、ﾀｲｰﾎされます。,,,,×,,1
,（大型）戦車,移動戦闘装備,特殊,なし,なし,－,－,－,なし,特殊,60,"ドールさん１体を運転手とし、他に３体までのドールさんを同乗させたまま、移動力５で移動します。その際、同乗しているすべてのドールさんが装備している武器／装備品による移動力修正を合計して受けます。ただし非常に高い馬力があるため、武器／装備品の移動力修正の合計が－４までは、速力を落とさずに移動できます。移動力修正が「移動不可」となっている武器は積み込むことができません。
　戦車はＨＰ120を持ち、車体に受けた攻撃のダメージを－２します。ただし、エネルギー兵器、爆風、［計略］［魔法］による攻撃は防ぐことができません。また残りＨＰによって戦車の移動力は変化します。
　　ＨＰ　　移動力
　――――　―――
　120～100　　５
　 99～ 70　　４
　 69～ 40　　３
　 39～ 10　　２
　 10以下 　　１
　戦車は最大３個までの武器を、車載兵器として搭載できます。車載兵器となった武器の移動力修正は、戦車の移動力に一切影響しません（車載兵器とする場合は、移動力修正が「移動不可」となっている武器でも問題なく搭載できます）。なお車載兵器を戦車が移動したターンに使用する場合、攻撃判定に－１のペナルティを受けます。
　戦車および車載兵器を取得するためのＭＰは、運転手（戦車長）がすべて１人で負担します。運転中の戦車長および車内にいる同乗者への直接攻撃は、［狙撃］以外では行うことができません。ただし戦車長や同乗者が［まぬけ］だった場合は普通に攻撃することができます。
　［狙撃］などによって戦車長が行動不能になった場合、同乗者の中で［天才］を持っているドールさんは、次ターンから戦車の運転を代行することができます。その際［天才］のＳＰを消費する必要はありません。なお、これはあくまで非常時のみの処置であり、戦車長が健在な間は交代できません。
　戦車は［乗り物格闘］を使用することで、白兵戦でも威力を発揮します。この恐怖の体当たりは同時に３人までの相手または１つの車両に対し、攻撃判定２（射程30cm）、さらにその時点での移動力＋２がダメージボーナスとして加わる痛撃を与えます。
　戦車は大型目標であるため、戦車に攻撃を行うドールさんは攻撃判定に＋１のボーナスを得ることができます。ただしこのボーナスは、ダメージには影響しません（攻撃判定３の武器の場合、サイコロの目が４でも命中しますが、ダメージを出す際には３として計算します）
　整備工具を持ったドールさんは、戦車のハッチに取りつけた（半径15cm以内）場合、１行動フェイズをかけてハッチをこじ開けることができます。以後、こじ開けたハッチから内部への突入が可能になります。車内制圧後、［天才］を持っているドールさんは、次ターンから戦車の運転を代行することができます。その際［天才］のＳＰを消費する必要はありません。
",,,,,,
,（大型）戦闘ヘリコプター,移動戦闘装備,特殊,なし,なし,－,－,－,なし,特殊,60,"ドールさん１体をパイロットとし、他に３体までのドールさんを同乗させたまま、移動力６で「飛行」状態で移動します。その際、同乗しているすべてのドールさんが装備している武器／装備品による移動力修正を合計して受けます。ただし高出力があるため、武器／装備品の移動力修正の合計が－２までは、速力を落とさずに移動できます。それでも移動力が０以下になってしまった場合、離陸すらできなくなります。移動力修正が「移動不可」となっている武器は積み込むことができません。
　戦闘ヘリコプターはＨＰ60を持ちます。なお機体に受けた攻撃のダメージが10を超える毎に、墜落判定を行う必要があります。サイコロを２つ振り、表の目が出た場合、ダメージが機関部に誘爆して真下に墜落。半径60cmの範囲に判定３の爆風攻撃を与える大爆発が起こります。この爆発には敵味方関係なく、範囲内のすべてのドールさんが巻き込まれます。墜落時は機内がパニック状態になるため、たとえ飛行能力を持っているドールさんでも、機体から脱出することはできません。ただし［冷血］であれば、慌てずに対処できます。
　ダメージ合計　　墜落判定値
　――――――　―――――――
　　　 10 　　　６・６
　　　 20 　　　６・６、５・６
　　　 30 　　　２つとも５以上
　　　 40 　　　２つとも４以上
　　　 50 　　　２つとも３以上
　　　 60 　　　墜落
　戦闘ヘリコプターは最大３個までの武器を、搭載兵器として搭載できます。搭載兵器となった武器の移動力修正は、戦闘ヘリコプターの移動力に一切影響しません（搭載兵器とする場合は、移動力修正が「移動不可」となっている武器でも問題なく搭載できます）。なお搭載兵器を戦闘ヘリコプターが移動したターンに使用する場合、攻撃判定に－１のペナルティを受けます。
　戦闘ヘリコプターおよび搭載兵器を取得するためのＭＰは、パイロットがすべて１人で負担します。操縦中のパイロットへの直接攻撃は、［狙撃］以外では行うことができません。ただしパイロットが［まぬけ］だった場合は普通に攻撃することができます。
　戦闘ヘリコプターは最後の手段として、特攻を行うことができます。このカミカゼアタックは１つの目標に対し、攻撃判定２（射程30cm）、さらに移動力＋その時点での戦闘ヘリコプターのＨＰがダメージボーナスとして加わる大損害を与えます。また判定の成否に関わらず、戦闘ヘリコプターは墜落大破、大爆発を起こし、パイロットと同乗者も全員ＨＰ０となります。
　戦闘ヘリコプターは大型目標であるため、戦闘ヘリコプターに攻撃を行うドールさんは攻撃判定に＋１のボーナスを得ることができます。ただしこのボーナスは、ダメージには影響しません（攻撃判定３の武器の場合、サイコロの目が４でも命中しますが、ダメージを出す際には３として計算します）
　戦闘ヘリコプターに搭乗したドールさんを降ろすためには着陸しなければなりません。着陸せずにドールさんを降ろした場合、ドールさんは地面に激突して２ダメージを受けます。ただし「飛行」能力を持つドールさんは、空中で乗り降りができます。もしも飛行中にパイロットが機体から離脱したり、行動不能（ＨＰ０、麻痺状態など）となった場合、戦闘ヘリコプターはただちに真下に墜落し、半径60cmの範囲に判定３の爆風攻撃を与える大爆発を起こします。この爆発には敵味方関係なく、範囲内のすべてのドールさんが巻き込まれます。パイロットや同乗者も判定３の爆風攻撃に巻き込まれます（特攻のように無条件でＨＰ０にはなりません）
",,,,,,
,戦車（ミクロ＆神姫はんまー用）,移動戦闘装備,特殊,なし,なし,－,－,－,なし,特殊,60,"ドールさん１体を運転手とし、他に３体までのドールさんを同乗させたまま、移動力５で移動します。その際、同乗しているすべてのドールさんが装備している武器／装備品による移動力修正を合計して受けます。ただし非常に高い馬力があるため、武器／装備品の移動力修正の合計が－４までは、速力を落とさずに移動できます。移動力修正が「移動不可」となっている武器は積み込むことができません。
　戦車はＨＰ30を持ち、車体に受けた攻撃のダメージを－２します。ただし、エネルギー兵器、爆風、［計略］［魔法］による攻撃は防ぐことができません。また残りＨＰによって戦車の移動力は変化します。
　 ＨＰ 　移動力
　―――　―――
　30～25　　５
　24～19　　４
　18～13　　３
　12～ 7　　２
　 6以下　　１
　戦車は最大３個までの武器を、車載兵器として搭載できます。車載兵器となった武器の移動力修正は、戦車の移動力に一切影響しません（車載兵器とする場合は、移動力修正が「移動不可」となっている武器でも問題なく搭載できます）。なお車載兵器を戦車が移動したターンに使用する場合、攻撃判定に－１のペナルティを受けます。
　戦車および車載兵器を取得するためのＭＰは、運転手（戦車長）がすべて１人で負担します。運転中の戦車長および車内にいる同乗者への直接攻撃は、［狙撃］以外では行うことができません。ただし戦車長や同乗者が［まぬけ］だった場合は普通に攻撃することができます。
　［狙撃］などによって戦車長が行動不能になった場合、同乗者の中で［天才］を持っているドールさんは、次ターンから戦車の運転を代行することができます。その際［天才］のＳＰを消費する必要はありません。なお、これはあくまで非常時のみの処置であり、戦車長が健在な間は交代できません。
　戦車は［乗り物格闘］を使用することで、白兵戦でも威力を発揮します。この恐怖の体当たりは同時に３人までの相手または１つの車両に対し、攻撃判定２（射程30cm）、さらにその時点での移動力＋２がダメージボーナスとして加わる痛撃を与えます。
　戦車は大型目標であるため、戦車に攻撃を行うドールさんは攻撃判定に＋１のボーナスを得ることができます。ただしこのボーナスは、ダメージには影響しません（攻撃判定３の武器の場合、サイコロの目が４でも命中しますが、ダメージを出す際には３として計算します）
　整備工具を持ったドールさんは、戦車のハッチに取りつけた（半径15cm以内）場合、１行動フェイズをかけてハッチをこじ開けることができます。以後、こじ開けたハッチから内部への突入が可能になります。車内制圧後、［天才］を持っているドールさんは、次ターンから戦車の運転を代行することができます。その際［天才］のＳＰを消費する必要はありません。
",,,,,,
,戦闘ヘリコプター（ミクロ＆神姫はんまー用）,移動戦闘装備,特殊,なし,なし,－,－,－,なし,特殊,60,"ドールさん１体をパイロットとし、他に３体までのドールさんを同乗させたまま、移動力６で「飛行」状態で移動します。その際、同乗しているすべてのドールさんが装備している武器／装備品による移動力修正を合計して受けます。ただし高出力があるため、武器／装備品の移動力修正の合計が－２までは、速力を落とさずに移動できます。それでも移動力が０以下になってしまった場合、離陸すらできなくなります。移動力修正が「移動不可」となっている武器は積み込むことができません。
　戦闘ヘリコプターはＨＰ18を持ちます。なお機体に受けた攻撃のダメージが３を超える毎に、墜落判定を行う必要があります。サイコロを２つ振り、表の目が出た場合、ダメージが機関部に誘爆して真下に墜落。半径60cmの範囲に判定３の爆風攻撃を与える大爆発が起こります。この爆発には敵味方関係なく、範囲内のすべてのドールさんが巻き込まれます。墜落時は機内がパニック状態になるため、たとえ飛行能力を持っているドールさんでも、機体から脱出することはできません。ただし［冷血］であれば、慌てずに対処できます。
　ダメージ合計　　墜落判定値
　――――――　―――――――
　　　 ３ 　　　６・６
　　　 ６ 　　　６・６、５・６
　　　 ９ 　　　２つとも５以上
　　　 12 　　　２つとも４以上
　　　 15 　　　２つとも３以上
　　　 18 　　　墜落
　戦闘ヘリコプターは最大３個までの武器を、搭載兵器として搭載できます。搭載兵器となった武器の移動力修正は、戦闘ヘリコプターの移動力に一切影響しません（搭載兵器とする場合は、移動力修正が「移動不可」となっている武器でも問題なく搭載できます）。なお搭載兵器を戦闘ヘリコプターが移動したターンに使用する場合、攻撃判定に－１のペナルティを受けます。
　戦闘ヘリコプターおよび搭載兵器を取得するためのＭＰは、パイロットがすべて１人で負担します。操縦中のパイロットへの直接攻撃は、［狙撃］以外では行うことができません。ただしパイロットが［まぬけ］だった場合は普通に攻撃することができます。
　戦闘ヘリコプターは最後の手段として、特攻を行うことができます。このカミカゼアタックは１つの目標に対し、攻撃判定２（射程30cm）、さらに移動力＋その時点での戦闘ヘリコプターのＨＰがダメージボーナスとして加わる大損害を与えます。また判定の成否に関わらず、戦闘ヘリコプターは墜落大破、大爆発を起こし、パイロットと同乗者も全員ＨＰ０となります。
　戦闘ヘリコプターは大型目標であるため、戦闘ヘリコプターに攻撃を行うドールさんは攻撃判定に＋１のボーナスを得ることができます。ただしこのボーナスは、ダメージには影響しません（攻撃判定３の武器の場合、サイコロの目が４でも命中しますが、ダメージを出す際には３として計算します）
　戦闘ヘリコプターに搭乗したドールさんを降ろすためには着陸しなければなりません。着陸せずにドールさんを降ろした場合、ドールさんは地面に激突して２ダメージを受けます。ただし「飛行」能力を持つドールさんは、空中で乗り降りができます。もしも飛行中にパイロットが機体から離脱したり、行動不能（ＨＰ０、麻痺状態など）となった場合、戦闘ヘリコプターはただちに真下に墜落し、半径60cmの範囲に判定３の爆風攻撃を与える大爆発を起こします。この爆発には敵味方関係なく、範囲内のすべてのドールさんが巻き込まれます。パイロットや同乗者も判定３の爆風攻撃に巻き込まれます（特攻のように無条件でＨＰ０にはなりません）
",,,,,,
,（ﾐｸﾛ）ATM-09-ST スコープドッグ,移動戦闘装備,特殊,非貫通,15cm／15cm（アームパンチ）,○,×,×,４（アームパンチ／ダメージ＋２。また［機械］属性や「盾／鎧」等によるダメージ軽減効果を無効化します）,特殊,60,"ドールさん１体を操縦者とし、移動力６（ローラーダッシュ含む）で移動します。ＨＰ18を持ち、機体に受けた攻撃のダメージを－２します。ただし、エネルギー兵器、爆風、［計略］［魔法］による攻撃は防ぐことができません。ＨＰが０になると機能停止します。さらに－１以下になった場合、機体が爆発して操縦者に０を下回った分だけダメージを与えます。
　固定武装にはアームパンチがあります。
　操縦者への直接攻撃はできません。ただし操縦者が［まぬけ］だった場合はハッチの閉め忘れ等により、判定－１で攻撃することができます。
　ＡＴは［乗り物格闘］を使用することで、敵ＡＴへの体当たりや、ドールさんへの恐怖の追突を行うことができます。攻撃判定３（射程15cm、ダメージ＋４。また［機械］属性や「盾／鎧」等によるダメージ軽減効果を無効化します）で判定を行い、命中した場合、ダメージを与えた上で相手を転倒させます。
",15,15,2,○,,
,（ﾐｸﾛ）X･ATH-02-SA ストライクドッグ,移動戦闘装備,特殊,非貫通,15cm／15cm（アームパンチ、アイアンクロー）,○,×,×,,特殊,100,"ドールさん１体を操縦者とし、移動力６（ローラーダッシュ含む）で移動します。ＨＰ20を持ち、機体に受けた攻撃のダメージを－２します。ただし、エネルギー兵器、爆風、［計略］［魔法］による攻撃は防ぐことができません。ＨＰが０になると機能停止します。さらに－１以下になった場合、機体が爆発して操縦者に０を下回った分だけダメージを与えます。
　固定武装にはアームパンチ、アイアンクロー、11mm機関銃（重機関銃）があります。
　操縦者への直接攻撃はできません。ただし操縦者が［まぬけ］だった場合はハッチの閉め忘れ等により、判定－１で攻撃することができます。
　ＡＴは［乗り物格闘］を使用することで、敵ＡＴへの体当たりや、ドールさんへの恐怖の追突を行うことができます。攻撃判定３（射程15cm、ダメージ＋４。また［機械］属性や「盾／鎧」等によるダメージ軽減効果を無効化します）で判定を行い、命中した場合、ダメージを与えた上で相手を転倒させます。
　ストライクドッグは特殊な機体であり、１ゲーム中に１体しか存在できません。",15,15,2,△,,
,（ﾐｸﾛ）X･ATH-02-DT ラビドリードッグ,移動戦闘装備,特殊,非貫通,15cm／15cm（アームパンチ、アイアンクロー）,○,×,×,,特殊,125,"ドールさん１体を操縦者とし、移動力６（ローラーダッシュ含む）で移動します。ＨＰ20を持ち、機体に受けた攻撃のダメージを－２します。ただし、エネルギー兵器、爆風、［計略］［魔法］による攻撃は防ぐことができません。ＨＰが０になると機能停止します。さらに－１以下になった場合、機体が爆発して操縦者に０を下回った分だけダメージを与えます。
　固定武装にはアームパンチ、アイアンクロー、11mm機関銃（重機関銃）、爆雷（ＡＴグレネードランチャー扱い）があります。
　操縦者への直接攻撃はできません。ただし操縦者が［まぬけ］だった場合はハッチの閉め忘れ等により、判定－１で攻撃することができます。
　ＡＴは［乗り物格闘］を使用することで、敵ＡＴへの体当たりや、ドールさんへの恐怖の追突を行うことができます。攻撃判定３（射程15cm、ダメージ＋４。また［機械］属性や「盾／鎧」等によるダメージ軽減効果を無効化します）で判定を行い、命中した場合、ダメージを与えた上で相手を転倒させます。
",15,15,2,△,,
,（ﾐｸﾛ）X･ATL-01-DT ツヴァーク,移動戦闘装備,特殊,貫通,120cm／240cm（重機関銃）,○,○,○,4,特殊,50,"ドールさん１体を操縦者とし、移動力４で移動します。ＨＰ16を持ち、機体に受けた攻撃のダメージを－１します。ただし、爆風、［計略］［魔法］による攻撃は防ぐことができません（装甲には対レーザー兵器用の積層コーティングを施してあるため、エネルギー兵器に対しては防御効果があります）。ＨＰが０になると機能停止します。さらに－１以下になった場合、機体が爆発して操縦者に０を下回った分だけダメージを与えます。
　固定武装として両腕に３連装機関銃（重機関銃）を内蔵しています。
　操縦者への直接攻撃はできません。ただし操縦者が［まぬけ］だった場合はハッチの閉め忘れ等により、判定－１で攻撃することができます。
　ＡＴは［乗り物格闘］を使用することで、敵ＡＴへの体当たりや、ドールさんへの恐怖の追突を行うことができます。攻撃判定３（射程15cm、ダメージ＋３。また［機械］属性や「盾／鎧」等によるダメージ軽減効果を無効化します）で判定を行い、命中した場合、ダメージを与えた上で相手を転倒させます。
",120,240,2,△,,
,（ﾐｸﾛ）GAT-22 ヘビィマシンガン,ＡＴ用携帯射撃武器,直射撃／散布射撃,貫通,75cm／150cm,○,○,○,3,0,10,ダメージ＋２。また［機械］属性や「盾／鎧」等によるダメージ軽減効果を無効化します。散布射撃時の攻撃判定は２になります。,75,150,2,○,,
,（ﾐｸﾛ）GAT-22-C ヘビィマシンガン改ショートバレル,ＡＴ用携帯射撃武器（白兵戦可能武器）,直射撃／散布射撃,貫通,60cm／120cm,○,○,○,3,0,10,ダメージ＋２。また［機械］属性や「盾／鎧」等によるダメージ軽減効果を無効化します。白兵戦武器としても使用可能です。なお散布射撃時の攻撃判定は２になります。,60,120,2,○,,
,（ﾐｸﾛ）X-SAT-01 ソリッドシューター,ＡＴ用携帯射撃武器,直射撃,非貫通,90cm／180cm,×,×,×,3,-1,15,ダメージ＋３。また［機械］属性や「盾／鎧」等によるダメージ軽減効果を無効化します。攻撃が命中した場合、目標ドールの半径30cm以内にいる他の２体までの敵ドールにも、攻撃判定２の爆風攻撃を行います。ただし爆発の中心から見て半遮蔽状態にある敵ドールに対しては、ダメージが－１されます（０にはなりません）。判定は各目標ごとに行います。,90,180,3,○,,
,（ﾐｸﾛ）X-SAT-05 ハンディソリッドシューター,ＡＴ用携帯射撃武器,直射撃,非貫通,60cm／120cm,×,×,×,3,0,15,ダメージ＋２。また［機械］属性や「盾／鎧」等によるダメージ軽減効果を無効化します。攻撃が命中した場合、目標ドールの半径30cm以内にいる他の２体までの敵ドールにも、攻撃判定２の爆風攻撃を行います。ただし爆発の中心から見て半遮蔽状態にある敵ドールに対しては、ダメージが－１されます（０にはなりません）。判定は各目標ごとに行います。,60,120,2,○,,
,（ﾐｸﾛ）GAT-49min ペンタトルーパー,ＡＴ用携帯射撃武器（白兵戦可能武器）,直射撃,非貫通,45cm／90cm,○,×,○,3,0,5,ダメージ＋２。また［機械］属性や「盾／鎧」等によるダメージ軽減効果を無効化します。白兵戦武器としても使用可能です。,45,90,2,○,,
,（ﾐｸﾛ）SMAT-38 ショルダーミサイルガンポッド,特殊射撃武器,曲射撃,非貫通,150cm／150cm,×,○,×,3,-1,20,"ダメージ＋２。また［機械］属性や「盾／鎧」等によるダメージ軽減効果を無効化します。目標となったドールさんは、対空射撃が可能な武器を所持していれば、ミサイルを迎撃することができます。有効射程での対空射撃を行い、命中すればミサイルから受けるダメージを無効にできます。
",150,150,2,○,,
,（ﾐｸﾛ）パイルバンカー,ＡＴ用重白兵戦武器,白兵戦,白兵戦,15cm/15cm,－,－,－,3,0,15,ダメージ＋５。また［機械］属性や「盾／鎧」等によるダメージ軽減効果を無効化します。,15,15,5,○,,
,（ﾐｸﾛ大）パワードスーツ,防御用装備,特殊,なし,なし,－,－,－,なし,0,40,"ドールさん１体が着込むことで動く装甲倍力服です。高い馬力があるため、武器／装備品の移動力修正の合計が－２までは、速力を落とさずに移動できます。自分が受けた攻撃のダメージを－２します。ただし、エネルギー兵器、爆風、［格闘技（関節技）］［格闘技（投げ技）］［計略］［魔法］による攻撃は防ぐことはできません。
　［まぬけ］を持っているドールさんは、着る前にかゆみ止めクリームを塗るのを忘れてしまったため、途中で背中がかゆくなる場合があります。何かの判定の際に６の目を出すと、背中に猛烈なかゆみが生じます。このかゆみはすべての判定に－１のペナルティが付くほど強力です。かゆみはパワードスーツを一旦脱いで背中をかくまで治まりません（１行動フェイズを要します）。
",,,,,,